Plant,Product,2024 Volume (lbs),Supplier,Plant Location,DDP (USD),Baseline Allocated Volume,Baseline Price Paid,Selection,Split,Optimized Volume,Optimized Price,Optimized Selection,Optimized Split,Cost Savings,Plant_Product_Location_ID,Supplier_Plant_Product_Location_ID,Plant_Product_Location_Baseline_Cost,Plant_Product_Location_Optimized_Cost,Plant_Product_Location_Total_Savings,Allocated_Cost_Savings,Is_Baseline_Supplier,Is_Optimized_Supplier,Volume_Fraction
Alpha,Brownies,5900000,Aunt Smith,Location1,8.05,5900000,47495000,X,100%,,,,,,Alpha_Location1_Brownies,Alpha_Location1_Brownies_Aunt Smith,47495000,,,,1,,100.00% 
Beta,Brownies,15900000,Aunt Smith,Location2,6.91,15900000,109869000,X,100%,,,,,,Beta_Location2_Brownies,Beta_Location2_Brownies_Aunt Smith,109869000,,,,1,,100.00% 
Charlie,Brownies,56800000,Aunt Bethany,Location3,9.96,56800000,565728000,X,100%,,,,,,Charlie_Location3_Brownies,Charlie_Location3_Brownies_Aunt Bethany,565728000,,,,1,,100.00% 
Charlie,Brownies,56800000,Aunt Smith,Location3,9.28,0,0,,0%,,,,,,Charlie_Location3_Brownies,Charlie_Location3_Brownies_Aunt Smith,565728000,,,,0,,0.00% 
Delta,Brownies,75500000,Aunt Bethany,Location4,5.47,75500000,412985000,X,100%,,,,,,Delta_Location4_Brownies,Delta_Location4_Brownies_Aunt Bethany,412985000,,,,1,,100.00% 
Delta,Brownies,75500000,Aunt Baker,Location4,7.29,0,0,,0%,,,,,,Delta_Location4_Brownies,Delta_Location4_Brownies_Aunt Baker,412985000,,,,0,,0.00% 
Echo,Brownies,60400000,Aunt Bethany,Location5,7.87,60400000,475348000,X,100%,,,,,,Echo_Location5_Brownies,Echo_Location5_Brownies_Aunt Bethany,475348000,,,,1,,100.00% 
Echo,Brownies,60400000,Aunt Smith,Location5,9.65,0,0,,0%,,,,,,Echo_Location5_Brownies,Echo_Location5_Brownies_Aunt Smith,475348000,,,,0,,0.00% 
Foxtrot,Brownies,53200000,Aunt Bethany,Location6,7.8,53200000,414960000,X,100%,,,,,,Foxtrot_Location6_Brownies,Foxtrot_Location6_Brownies_Aunt Bethany,414960000,,,,1,,100.00% 
Foxtrot,Brownies,53200000,Aunt Smith,Location6,5.28,0,0,,0%,,,,,,Foxtrot_Location6_Brownies,Foxtrot_Location6_Brownies_Aunt Smith,414960000,,,,0,,0.00% 
Golf,Brownies,115400000,Aunt Baker,Location7,6,115400000,692400000,X,100%,,,,,,Golf_Location7_Brownies,Golf_Location7_Brownies_Aunt Baker,692400000,,,,1,,100.00% 
Golf,Brownies,115400000,Aunt Smith,Location7,5.45,0,0,,0%,,,,,,Golf_Location7_Brownies,Golf_Location7_Brownies_Aunt Smith,692400000,,,,0,,0.00% 
Golf,Brownies,115400000,Aunt Smith,Location7,6,0,0,,0%,,,,,,Golf_Location7_Brownies,Golf_Location7_Brownies_Aunt Smith,692400000,,,,0,,0.00% 
Hotel,Brownies,66900000,Aunt Smith,Location8,8.14,66900000,544566000,X,100%,,,,,,Hotel_Location8_Brownies,Hotel_Location8_Brownies_Aunt Smith,544566000,,,,1,,100.00% 
Hotel,Brownies,66900000,Aunt Baker,Location8,5.06,0,0,,0%,,,,,,Hotel_Location8_Brownies,Hotel_Location8_Brownies_Aunt Baker,544566000,,,,0,,0.00% 
Hotel,Brownies,66900000,Aunt Celine,Location8,8.93,0,0,,0%,,,,,,Hotel_Location8_Brownies,Hotel_Location8_Brownies_Aunt Celine,544566000,,,,0,,0.00% 
India,Brownies,39000000,Aunt Smith,Location9,7.86,39000000,306540000,X,100%,,,,,,India_Location9_Brownies,India_Location9_Brownies_Aunt Smith,306540000,,,,1,,100.00% 
India,Brownies,39000000,Aunt Baker,Location9,8.27,0,0,,0%,,,,,,India_Location9_Brownies,India_Location9_Brownies_Aunt Baker,306540000,,,,0,,0.00% 
Juliet,Brownies,27700000,Aunt Baker,Location10,7.47,27700000,206919000,X,100%,,,,,,Juliet_Location10_Brownies,Juliet_Location10_Brownies_Aunt Baker,206919000,,,,1,,100.00% 
Juliet,Brownies,27700000,Aunt Smith,Location10,5.67,0,0,,0%,,,,,,Juliet_Location10_Brownies,Juliet_Location10_Brownies_Aunt Smith,206919000,,,,0,,0.00% 
Juliet,Brownies,27700000,Aunt Smith,Location10,9.68,0,0,,0%,,,,,,Juliet_Location10_Brownies,Juliet_Location10_Brownies_Aunt Smith,206919000,,,,0,,0.00% 
Kilo,Brownies,12000000,Aunt Baker,Location11,5.53,12000000,66360000,X,100%,,,,,,Kilo_Location11_Brownies,Kilo_Location11_Brownies_Aunt Baker,66360000,,,,1,,100.00% 
Kilo,Brownies,12000000,Aunt Smith,Location11,9.3,0,0,,0%,,,,,,Kilo_Location11_Brownies,Kilo_Location11_Brownies_Aunt Smith,66360000,,,,0,,0.00% 
Kilo,Brownies,12000000,Aunt Smith,Location11,7.99,0,0,,0%,,,,,,Kilo_Location11_Brownies,Kilo_Location11_Brownies_Aunt Smith,66360000,,,,0,,0.00% 
Lima,Brownies,8600000,Aunt Baker,Location12,8.83,8600000,75938000,X,100%,,,,,,Lima_Location12_Brownies,Lima_Location12_Brownies_Aunt Baker,75938000,,,,1,,100.00% 
Mike,Brownies,8200000,Aunt Baker,Location13,8.51,8200000,69782000,X,100%,,,,,,Mike_Location13_Brownies,Mike_Location13_Brownies_Aunt Baker,69782000,,,,1,,100.00% 
Mike,Brownies,8200000,Aunt Smith,Location13,9.34,0,0,,0%,,,,,,Mike_Location13_Brownies,Mike_Location13_Brownies_Aunt Smith,69782000,,,,0,,0.00% 
Mike,Brownies,8200000,Aunt Smith,Location13,9.94,0,0,,0%,,,,,,Mike_Location13_Brownies,Mike_Location13_Brownies_Aunt Smith,69782000,,,,0,,0.00% 
November,Brownies,600000,Aunt Baker,Location14,8.52,600000,5112000,X,100%,,,,,,November_Location14_Brownies,November_Location14_Brownies_Aunt Baker,5112000,,,,1,,100.00% 
November,Brownies,600000,Aunt Smith,Location14,5.1,0,0,,0%,,,,,,November_Location14_Brownies,November_Location14_Brownies_Aunt Smith,5112000,,,,0,,0.00% 
November,Brownies,600000,Aunt Smith,Location14,5.2,0,0,,0%,,,,,,November_Location14_Brownies,November_Location14_Brownies_Aunt Smith,5112000,,,,0,,0.00% 
Oscar,Brownies,3100000,Aunt Smith,Location15,6.68,3100000,20708000,X,100%,,,,,,Oscar_Location15_Brownies,Oscar_Location15_Brownies_Aunt Smith,20708000,,,,1,,100.00% 
Oscar,Brownies,3100000,Aunt Baker,Location15,9.81,0,0,,0%,,,,,,Oscar_Location15_Brownies,Oscar_Location15_Brownies_Aunt Baker,20708000,,,,0,,0.00% 
Papa,Brownies,4900000,Aunt Baker,Location16,5.04,4900000,24696000,X,100%,,,,,,Papa_Location16_Brownies,Papa_Location16_Brownies_Aunt Baker,24696000,,,,1,,100.00% 
Papa,Brownies,4900000,Aunt Smith,Location16,8.65,0,0,,0%,,,,,,Papa_Location16_Brownies,Papa_Location16_Brownies_Aunt Smith,24696000,,,,0,,0.00% 
Papa,Brownies,4900000,Aunt Smith,Location16,6.5,0,0,,0%,,,,,,Papa_Location16_Brownies,Papa_Location16_Brownies_Aunt Smith,24696000,,,,0,,0.00% 
Quebec,Brownies,23700000,Aunt Baker,Location17,9.87,23700000,233919000,X,100%,,,,,,Quebec_Location17_Brownies,Quebec_Location17_Brownies_Aunt Baker,233919000,,,,1,,100.00% 
Quebec,Brownies,23700000,Aunt Smith,Location17,7,0,0,,0%,,,,,,Quebec_Location17_Brownies,Quebec_Location17_Brownies_Aunt Smith,233919000,,,,0,,0.00% 
Quebec,Brownies,23700000,Aunt Smith,Location17,5.51,0,0,,0%,,,,,,Quebec_Location17_Brownies,Quebec_Location17_Brownies_Aunt Smith,233919000,,,,0,,0.00% 
Romeo,Brownies,104400000,Aunt Bethany,Location18,9.07,104400000,946908000,X,100%,,,,,,Romeo_Location18_Brownies,Romeo_Location18_Brownies_Aunt Bethany,946908000,,,,1,,100.00% 
Romeo,Brownies,104400000,Aunt Smith,Location18,6.82,0,0,,0%,,,,,,Romeo_Location18_Brownies,Romeo_Location18_Brownies_Aunt Smith,946908000,,,,0,,0.00% 
Sierra,Brownies,56900000,Aunt Bethany,Location19,5.48,56900000,311812000,X,100%,,,,,,Sierra_Location19_Brownies,Sierra_Location19_Brownies_Aunt Bethany,311812000,,,,1,,100.00% 
Tango,Brownies,19100000,Aunt Celine,Location20,5.1,19100000,97410000,X,100%,,,,,,Tango_Location20_Brownies,Tango_Location20_Brownies_Aunt Celine,97410000,,,,1,,100.00% 
Tango,Brownies,19100000,Aunt Smith,Location20,7.63,0,0,,0%,,,,,,Tango_Location20_Brownies,Tango_Location20_Brownies_Aunt Smith,97410000,,,,0,,0.00% 
Uniform,Brownies,84600000,Aunt Bethany,Location21,8.44,84600000,714024000,X,100%,,,,,,Uniform_Location21_Brownies,Uniform_Location21_Brownies_Aunt Bethany,714024000,,,,1,,100.00% 
Uniform,Brownies,84600000,Aunt Celine,Location21,6.17,0,0,,0%,,,,,,Uniform_Location21_Brownies,Uniform_Location21_Brownies_Aunt Celine,714024000,,,,0,,0.00% 
Uniform,Brownies,84600000,Aunt Smith,Location21,7.49,0,0,,0%,,,,,,Uniform_Location21_Brownies,Uniform_Location21_Brownies_Aunt Smith,714024000,,,,0,,0.00% 
Victor,Brownies,116300000,Aunt Bethany,Location22,8.77,116300000,1019951000,X,100%,,,,,,Victor_Location22_Brownies,Victor_Location22_Brownies_Aunt Bethany,1019951000,,,,1,,100.00% 
Victor,Brownies,116300000,Aunt Smith,Location22,7.66,0,0,,0%,,,,,,Victor_Location22_Brownies,Victor_Location22_Brownies_Aunt Smith,1019951000,,,,0,,0.00% 
Whiskey,Brownies,84200000,Aunt Smith,Location23,6.69,84200000,563298000,X,100%,,,,,,Whiskey_Location23_Brownies,Whiskey_Location23_Brownies_Aunt Smith,563298000,,,,1,,100.00% 
Whiskey,Brownies,84200000,Aunt Bethany,Location23,7.68,0,0,,0%,,,,,,Whiskey_Location23_Brownies,Whiskey_Location23_Brownies_Aunt Bethany,563298000,,,,0,,0.00% 
X-ray,Brownies,43300000,Aunt Bethany,Location24,5.8,43300000,251140000,X,100%,,,,,,X-ray_Location24_Brownies,X-ray_Location24_Brownies_Aunt Bethany,251140000,,,,1,,100.00% 
X-ray,Brownies,43300000,Aunt Smith,Location24,7.77,0,0,,0%,,,,,,X-ray_Location24_Brownies,X-ray_Location24_Brownies_Aunt Smith,251140000,,,,0,,0.00% 
Yankee,Brownies,51400000,Aunt Bethany,Location25,6.16,51400000,316624000,X,100%,,,,,,Yankee_Location25_Brownies,Yankee_Location25_Brownies_Aunt Bethany,316624000,,,,1,,100.00% 
Yankee,Brownies,51400000,Aunt Smith,Location25,8.24,0,0,,0%,,,,,,Yankee_Location25_Brownies,Yankee_Location25_Brownies_Aunt Smith,316624000,,,,0,,0.00% 
Zulu,Brownies,72600000,Aunt Bethany,Location26,6.48,72600000,470448000,X,100%,,,,,,Zulu_Location26_Brownies,Zulu_Location26_Brownies_Aunt Bethany,470448000,,,,1,,100.00% 
Zulu,Brownies,72600000,Aunt Smith,Location26,5.96,0,0,,0%,,,,,,Zulu_Location26_Brownies,Zulu_Location26_Brownies_Aunt Smith,470448000,,,,0,,0.00% 
Zulu,Brownies,72600000,Aunt Celine,Location26,9.3,0,0,,0%,,,,,,Zulu_Location26_Brownies,Zulu_Location26_Brownies_Aunt Celine,470448000,,,,0,,0.00% 
Alpha,Brownies,54100000,Aunt Smith,Location27,6.64,54100000,359224000,X,100%,,,,,,Alpha_Location27_Brownies,Alpha_Location27_Brownies_Aunt Smith,359224000,,,,1,,100.00% 
Alpha,Brownies,54100000,Aunt Celine,Location27,5.01,0,0,,0%,,,,,,Alpha_Location27_Brownies,Alpha_Location27_Brownies_Aunt Celine,359224000,,,,0,,0.00% 
Beta,Brownies,73000000,Aunt Bethany,Location28,5.88,73000000,429240000,X,100%,,,,,,Beta_Location28_Brownies,Beta_Location28_Brownies_Aunt Bethany,429240000,,,,1,,100.00% 
Beta,Brownies,73000000,Aunt Celine,Location28,8.14,0,0,,0%,,,,,,Beta_Location28_Brownies,Beta_Location28_Brownies_Aunt Celine,429240000,,,,0,,0.00% 
Beta,Brownies,73000000,Aunt Smith,Location28,8.17,0,0,,0%,,,,,,Beta_Location28_Brownies,Beta_Location28_Brownies_Aunt Smith,429240000,,,,0,,0.00% 
Charlie,Brownies,31100000,Aunt Bethany,Location29,8.61,31100000,267771000,X,100%,,,,,,Charlie_Location29_Brownies,Charlie_Location29_Brownies_Aunt Bethany,267771000,,,,1,,100.00% 
Charlie,Brownies,31100000,Aunt Smith,Location29,6.31,0,0,,0%,,,,,,Charlie_Location29_Brownies,Charlie_Location29_Brownies_Aunt Smith,267771000,,,,0,,0.00% 
Delta,Brownies,77400000,Aunt Bethany,Location30,9,77400000,696600000,X,100%,,,,,,Delta_Location30_Brownies,Delta_Location30_Brownies_Aunt Bethany,696600000,,,,1,,100.00% 
Delta,Brownies,77400000,Aunt Smith,Location30,5.47,0,0,,0%,,,,,,Delta_Location30_Brownies,Delta_Location30_Brownies_Aunt Smith,696600000,,,,0,,0.00% 
Echo,Brownies,60500000,Aunt Smith,Location31,6.34,60500000,383570000,X,100%,,,,,,Echo_Location31_Brownies,Echo_Location31_Brownies_Aunt Smith,383570000,,,,1,,100.00% 
Foxtrot,Brownies,51000000,Aunt Celine,Location32,5.39,51000000,274890000,X,100%,,,,,,Foxtrot_Location32_Brownies,Foxtrot_Location32_Brownies_Aunt Celine,274890000,,,,1,,100.00% 
Foxtrot,Brownies,51000000,Aunt Baker,Location32,8.07,0,0,,0%,,,,,,Foxtrot_Location32_Brownies,Foxtrot_Location32_Brownies_Aunt Baker,274890000,,,,0,,0.00% 
Foxtrot,Brownies,51000000,Aunt Smith,Location32,5.5,0,0,,0%,,,,,,Foxtrot_Location32_Brownies,Foxtrot_Location32_Brownies_Aunt Smith,274890000,,,,0,,0.00% 
Golf,Brownies,46500000,Aunt Smith,Location33,9.12,46500000,424080000,X,100%,,,,,,Golf_Location33_Brownies,Golf_Location33_Brownies_Aunt Smith,424080000,,,,1,,100.00% 
Hotel,Brownies,64300000,Aunt Celine,Location34,7,64300000,450100000,X,100%,,,,,,Hotel_Location34_Brownies,Hotel_Location34_Brownies_Aunt Celine,450100000,,,,1,,100.00% 
Hotel,Brownies,64300000,Aunt Smith,Location34,9.63,0,0,,0%,,,,,,Hotel_Location34_Brownies,Hotel_Location34_Brownies_Aunt Smith,450100000,,,,0,,0.00% 
India,Brownies,29400000,Aunt Smith,Location35,7.66,29400000,225204000,X,100%,,,,,,India_Location35_Brownies,India_Location35_Brownies_Aunt Smith,225204000,,,,1,,100.00% 
India,Brownies,29400000,Aunt Baker,Location35,6.48,0,0,,0%,,,,,,India_Location35_Brownies,India_Location35_Brownies_Aunt Baker,225204000,,,,0,,0.00% 
Juliet,Brownies,30300000,Aunt Smith,Location36,5.71,30300000,173013000,X,100%,,,,,,Juliet_Location36_Brownies,Juliet_Location36_Brownies_Aunt Smith,173013000,,,,1,,100.00% 
Juliet,Brownies,30300000,Aunt Baker,Location36,6.97,0,0,,0%,,,,,,Juliet_Location36_Brownies,Juliet_Location36_Brownies_Aunt Baker,173013000,,,,0,,0.00% 
Kilo,Brownies,13500000,Aunt Bethany,Location37,9.31,13500000,125685000,X,100%,,,,,,Kilo_Location37_Brownies,Kilo_Location37_Brownies_Aunt Bethany,125685000,,,,1,,100.00% 
Kilo,Brownies,13500000,Aunt Smith,Location37,5.06,0,0,,0%,,,,,,Kilo_Location37_Brownies,Kilo_Location37_Brownies_Aunt Smith,125685000,,,,0,,0.00% 
Lima,Brownies,42100000,Aunt Celine,Location38,9.84,42100000,414264000,X,100%,,,,,,Lima_Location38_Brownies,Lima_Location38_Brownies_Aunt Celine,414264000,,,,1,,100.00% 
Lima,Brownies,42100000,Aunt Smith,Location38,5.32,0,0,,0%,,,,,,Lima_Location38_Brownies,Lima_Location38_Brownies_Aunt Smith,414264000,,,,0,,0.00% 
Mike,Brownies,64200000,Aunt Smith,Location39,5.62,64200000,360804000,X,100%,,,,,,Mike_Location39_Brownies,Mike_Location39_Brownies_Aunt Smith,360804000,,,,1,,100.00% 
November,Brownies,3500000,Aunt Smith,Location40,5.57,3500000,19495000,X,100%,,,,,,November_Location40_Brownies,November_Location40_Brownies_Aunt Smith,19495000,,,,1,,100.00% 
Oscar,Brownies,13600000,Aunt Smith,Location41,6.97,13600000,94792000,X,100%,,,,,,Oscar_Location41_Brownies,Oscar_Location41_Brownies_Aunt Smith,94792000,,,,1,,100.00% 
Papa,Brownies,101700000,Aunt Bethany,Location42,7.97,101700000,810549000,X,100%,,,,,,Papa_Location42_Brownies,Papa_Location42_Brownies_Aunt Bethany,810549000,,,,1,,100.00% 
Papa,Brownies,101700000,Aunt Celine,Location42,7.92,0,0,,0%,,,,,,Papa_Location42_Brownies,Papa_Location42_Brownies_Aunt Celine,810549000,,,,0,,0.00% 
Papa,Brownies,101700000,Aunt Smith,Location42,6.1,0,0,,0%,,,,,,Papa_Location42_Brownies,Papa_Location42_Brownies_Aunt Smith,810549000,,,,0,,0.00% 
Quebec,Brownies,26500000,Aunt Bethany,Location43,7.78,26500000,206170000,X,100%,,,,,,Quebec_Location43_Brownies,Quebec_Location43_Brownies_Aunt Bethany,206170000,,,,1,,100.00% 
Quebec,Brownies,26500000,Aunt Celine,Location43,7.45,0,0,,0%,,,,,,Quebec_Location43_Brownies,Quebec_Location43_Brownies_Aunt Celine,206170000,,,,0,,0.00% 
Quebec,Brownies,26500000,Aunt Smith,Location43,6.2,0,0,,0%,,,,,,Quebec_Location43_Brownies,Quebec_Location43_Brownies_Aunt Smith,206170000,,,,0,,0.00% 
Romeo,Brownies,47500000,Aunt Bethany,Location44,6.29,47500000,298775000,X,100%,,,,,,Romeo_Location44_Brownies,Romeo_Location44_Brownies_Aunt Bethany,298775000,,,,1,,100.00% 
Romeo,Brownies,47500000,Aunt Celine,Location44,7.81,0,0,,0%,,,,,,Romeo_Location44_Brownies,Romeo_Location44_Brownies_Aunt Celine,298775000,,,,0,,0.00% 
Romeo,Brownies,47500000,Aunt Smith,Location44,8.72,0,0,,0%,,,,,,Romeo_Location44_Brownies,Romeo_Location44_Brownies_Aunt Smith,298775000,,,,0,,0.00% 
Sierra,Brownies,13400000,Aunt Smith,Location45,6.55,13400000,87770000,X,100%,,,,,,Sierra_Location45_Brownies,Sierra_Location45_Brownies_Aunt Smith,87770000,,,,1,,100.00% 
Sierra,Brownies,13400000,Aunt Celine,Location45,9.29,0,0,,0%,,,,,,Sierra_Location45_Brownies,Sierra_Location45_Brownies_Aunt Celine,87770000,,,,0,,0.00% 
Tango,Brownies,4600000,Aunt Smith,Location46,6.44,4600000,29624000,X,100%,,,,,,Tango_Location46_Brownies,Tango_Location46_Brownies_Aunt Smith,29624000,,,,1,,100.00% 
Uniform,Brownies,507800000,Aunt Bethany,Location47,9.97,507800000,5062766000,X,100%,,,,,,Uniform_Location47_Brownies,Uniform_Location47_Brownies_Aunt Bethany,5062766000,,,,1,,100.00% 
Uniform,Brownies,507800000,Aunt Bethany,Location47,5.21,0,0,,0%,,,,,,Uniform_Location47_Brownies,Uniform_Location47_Brownies_Aunt Bethany,5062766000,,,,0,,0.00% 
Uniform,Brownies,507800000,Aunt Celine,Location47,8.86,0,0,,0%,,,,,,Uniform_Location47_Brownies,Uniform_Location47_Brownies_Aunt Celine,5062766000,,,,0,,0.00% 
Uniform,Brownies,507800000,Aunt Smith,Location47,9.86,0,0,,0%,,,,,,Uniform_Location47_Brownies,Uniform_Location47_Brownies_Aunt Smith,5062766000,,,,0,,0.00% 
Victor,Brownies,13300000,Aunt Smith,Location48,7.91,13300000,105203000,X,100%,,,,,,Victor_Location48_Brownies,Victor_Location48_Brownies_Aunt Smith,105203000,,,,1,,100.00% 
Whiskey,Brownies,21200000,Aunt Smith,Location49,8.55,21200000,181260000,X,100%,,,,,,Whiskey_Location49_Brownies,Whiskey_Location49_Brownies_Aunt Smith,181260000,,,,1,,100.00% 
X-ray,Brownies,9400000,Aunt Smith,Location50,5.4,9400000,50760000,X,100%,,,,,,X-ray_Location50_Brownies,X-ray_Location50_Brownies_Aunt Smith,50760000,,,,1,,100.00% 
Yankee,Brownies,32400000,Aunt Bethany,Location51,6.48,32400000,209952000,X,100%,,,,,,Yankee_Location51_Brownies,Yankee_Location51_Brownies_Aunt Bethany,209952000,,,,1,,100.00% 
Yankee,Brownies,32400000,Aunt Celine,Location51,9.48,0,0,,0%,,,,,,Yankee_Location51_Brownies,Yankee_Location51_Brownies_Aunt Celine,209952000,,,,0,,0.00% 
Yankee,Brownies,32400000,Aunt Smith,Location51,6.54,0,0,,0%,,,,,,Yankee_Location51_Brownies,Yankee_Location51_Brownies_Aunt Smith,209952000,,,,0,,0.00% 
Zulu,Brownies,427000000,Aunt Bethany,Location52,9.84,427000000,4201680000,X,100%,,,,,,Zulu_Location52_Brownies,Zulu_Location52_Brownies_Aunt Bethany,4201680000,,,,1,,100.00% 
Zulu,Brownies,427000000,Aunt Bethany,Location52,9.65,0,0,,0%,,,,,,Zulu_Location52_Brownies,Zulu_Location52_Brownies_Aunt Bethany,4201680000,,,,0,,0.00% 
Zulu,Brownies,427000000,Aunt Celine,Location52,8.54,0,0,,0%,,,,,,Zulu_Location52_Brownies,Zulu_Location52_Brownies_Aunt Celine,4201680000,,,,0,,0.00% 
Zulu,Brownies,427000000,Aunt Smith,Location52,5.48,0,0,,0%,,,,,,Zulu_Location52_Brownies,Zulu_Location52_Brownies_Aunt Smith,4201680000,,,,0,,0.00% 
Alpha,Brownies,484000000,Aunt Smith,Location53,6.55,484000000,3170200000,X,100%,,,,,,Alpha_Location53_Brownies,Alpha_Location53_Brownies_Aunt Smith,3170200000,,,,1,,100.00% 
Beta,Brownies,5000000,Aunt Smith,Location54,8.05,5000000,40250000,X,100%,,,,,,Beta_Location54_Brownies,Beta_Location54_Brownies_Aunt Smith,40250000,,,,1,,100.00% 
Charlie,Brownies,2400000,Aunt Bethany,Location55,7.6,2400000,18240000,X,100%,,,,,,Charlie_Location55_Brownies,Charlie_Location55_Brownies_Aunt Bethany,18240000,,,,1,,100.00% 
Charlie,Brownies,2400000,Aunt Smith,Location55,7.62,0,0,,0%,,,,,,Charlie_Location55_Brownies,Charlie_Location55_Brownies_Aunt Smith,18240000,,,,0,,0.00% 
Delta,Brownies,16800000,Aunt Bethany,Location56,6.01,16800000,100968000,X,100%,,,,,,Delta_Location56_Brownies,Delta_Location56_Brownies_Aunt Bethany,100968000,,,,1,,100.00% 
Delta,Brownies,16800000,Aunt Smith,Location56,5.91,0,0,,0%,,,,,,Delta_Location56_Brownies,Delta_Location56_Brownies_Aunt Smith,100968000,,,,0,,0.00% 
Delta,Brownies,16800000,Aunt Celine,Location56,5.9,0,0,,0%,,,,,,Delta_Location56_Brownies,Delta_Location56_Brownies_Aunt Celine,100968000,,,,0,,0.00% 
Echo,Brownies,285100000,Aunt Bethany,Location57,7.56,285100000,2155356000,X,100%,,,,,,Echo_Location57_Brownies,Echo_Location57_Brownies_Aunt Bethany,2155356000,,,,1,,100.00% 
Echo,Brownies,285100000,Aunt Bethany,Location57,9.51,0,0,,0%,,,,,,Echo_Location57_Brownies,Echo_Location57_Brownies_Aunt Bethany,2155356000,,,,0,,0.00% 
Echo,Brownies,285100000,Aunt Celine,Location57,9.16,0,0,,0%,,,,,,Echo_Location57_Brownies,Echo_Location57_Brownies_Aunt Celine,2155356000,,,,0,,0.00% 
Echo,Brownies,285100000,Aunt Smith,Location57,6.04,0,0,,0%,,,,,,Echo_Location57_Brownies,Echo_Location57_Brownies_Aunt Smith,2155356000,,,,0,,0.00% 
Foxtrot,Brownies,7200000,Aunt Smith,Location58,9.29,7200000,66888000,X,100%,,,,,,Foxtrot_Location58_Brownies,Foxtrot_Location58_Brownies_Aunt Smith,66888000,,,,1,,100.00% 
Foxtrot,Brownies,7200000,Aunt Baker,Location58,5.67,0,0,,0%,,,,,,Foxtrot_Location58_Brownies,Foxtrot_Location58_Brownies_Aunt Baker,66888000,,,,0,,0.00% 
Golf,Brownies,2000000,Aunt Bethany,Location59,8.37,2000000,16740000,X,100%,,,,,,Golf_Location59_Brownies,Golf_Location59_Brownies_Aunt Bethany,16740000,,,,1,,100.00% 
Hotel,Brownies,345400000,Aunt Smith,Location60,9.43,345400000,3257122000,X,100%,,,,,,Hotel_Location60_Brownies,Hotel_Location60_Brownies_Aunt Smith,3257122000,,,,1,,100.00% 
Hotel,Brownies,345400000,Aunt Celine,Location60,9.72,0,0,,0%,,,,,,Hotel_Location60_Brownies,Hotel_Location60_Brownies_Aunt Celine,3257122000,,,,0,,0.00% 
India,Brownies,37700000,Aunt Bethany,Location61,6.69,37700000,252213000,X,100%,,,,,,India_Location61_Brownies,India_Location61_Brownies_Aunt Bethany,252213000,,,,1,,100.00% 
India,Brownies,37700000,Aunt Smith,Location61,6.21,0,0,,0%,,,,,,India_Location61_Brownies,India_Location61_Brownies_Aunt Smith,252213000,,,,0,,0.00% 
Juliet,Brownies,38200000,Aunt Bethany,Location62,8.57,38200000,327374000,X,100%,,,,,,Juliet_Location62_Brownies,Juliet_Location62_Brownies_Aunt Bethany,327374000,,,,1,,100.00% 
Juliet,Brownies,38200000,Aunt Smith,Location62,8.44,0,0,,0%,,,,,,Juliet_Location62_Brownies,Juliet_Location62_Brownies_Aunt Smith,327374000,,,,0,,0.00% 
Kilo,Brownies,70200000,Aunt Smith,Location63,9.28,70200000,651456000,X,100%,,,,,,Kilo_Location63_Brownies,Kilo_Location63_Brownies_Aunt Smith,651456000,,,,1,,100.00% 
Kilo,Brownies,70200000,Aunt Celine,Location63,9.86,0,0,,0%,,,,,,Kilo_Location63_Brownies,Kilo_Location63_Brownies_Aunt Celine,651456000,,,,0,,0.00% 
Lima,Brownies,2300000,Aunt Smith,Location64,6.01,2300000,13823000,X,100%,,,,,,Lima_Location64_Brownies,Lima_Location64_Brownies_Aunt Smith,13823000,,,,1,,100.00% 
Lima,Brownies,2300000,Aunt Baker,Location64,5.8,0,0,,0%,,,,,,Lima_Location64_Brownies,Lima_Location64_Brownies_Aunt Baker,13823000,,,,0,,0.00% 
Mike,Brownies,18700000,Aunt Bethany,Location65,5.57,18700000,104159000,X,100%,,,,,,Mike_Location65_Brownies,Mike_Location65_Brownies_Aunt Bethany,104159000,,,,1,,100.00% 
Mike,Brownies,18700000,Aunt Smith,Location65,8.78,0,0,,0%,,,,,,Mike_Location65_Brownies,Mike_Location65_Brownies_Aunt Smith,104159000,,,,0,,0.00% 
Mike,Brownies,18700000,Aunt Celine,Location65,7.37,0,0,,0%,,,,,,Mike_Location65_Brownies,Mike_Location65_Brownies_Aunt Celine,104159000,,,,0,,0.00% 
November,Brownies,46100000,Aunt Smith,Location66,5.53,46100000,254933000,X,100%,,,,,,November_Location66_Brownies,November_Location66_Brownies_Aunt Smith,254933000,,,,1,,100.00% 
Oscar,Brownies,13800000,Aunt Celine,Location67,5.99,13800000,82662000,X,100%,,,,,,Oscar_Location67_Brownies,Oscar_Location67_Brownies_Aunt Celine,82662000,,,,1,,100.00% 
Oscar,Brownies,13800000,Aunt Smith,Location67,5.13,0,0,,0%,,,,,,Oscar_Location67_Brownies,Oscar_Location67_Brownies_Aunt Smith,82662000,,,,0,,0.00% 
Papa,Brownies,900000,Aunt Smith,Location68,5.46,900000,4914000,X,100%,,,,,,Papa_Location68_Brownies,Papa_Location68_Brownies_Aunt Smith,4914000,,,,1,,100.00% 
Papa,Brownies,900000,Aunt Bethany,Location68,5.26,0,0,,0%,,,,,,Papa_Location68_Brownies,Papa_Location68_Brownies_Aunt Bethany,4914000,,,,0,,0.00% 
Quebec,Brownies,1000000,Aunt Bethany,Location69,7.4,1000000,7400000,X,100%,,,,,,Quebec_Location69_Brownies,Quebec_Location69_Brownies_Aunt Bethany,7400000,,,,1,,100.00% 
Quebec,Brownies,1000000,Aunt Smith,Location69,7.03,0,0,,0%,,,,,,Quebec_Location69_Brownies,Quebec_Location69_Brownies_Aunt Smith,7400000,,,,0,,0.00% 
Romeo,Brownies,7700000,Aunt Baker,Location70,7.33,7700000,56441000,X,100%,,,,,,Romeo_Location70_Brownies,Romeo_Location70_Brownies_Aunt Baker,56441000,,,,1,,100.00% 
Sierra,Brownies,8600000,Aunt Smith,Location71,9.34,8600000,80324000,X,100%,,,,,,Sierra_Location71_Brownies,Sierra_Location71_Brownies_Aunt Smith,154247000,,,,1,,69.90% 
Sierra,Brownies,12300000,Aunt Smith,Location71,6.01,12300000,73923000,X,100%,,,,,,Sierra_Location71_Brownies,Sierra_Location71_Brownies_Aunt Smith,154247000,,,,1,,100.00% 
Tango,Brownies,84800000,Aunt Smith,Location72,8.24,84800000,698752000,X,100%,,,,,,Tango_Location72_Brownies,Tango_Location72_Brownies_Aunt Smith,698752000,,,,1,,100.00% 
Tango,Brownies,84800000,Aunt Baker,Location72,8.72,0,0,,0%,,,,,,Tango_Location72_Brownies,Tango_Location72_Brownies_Aunt Baker,698752000,,,,0,,0.00% 
Uniform,Brownies,167600000,Aunt Smith,Location73,9.67,167600000,1620692000,X,100%,,,,,,Uniform_Location73_Brownies,Uniform_Location73_Brownies_Aunt Smith,1620692000,,,,1,,100.00% 
Uniform,Brownies,167600000,Aunt Celine,Location73,6.86,0,0,,0%,,,,,,Uniform_Location73_Brownies,Uniform_Location73_Brownies_Aunt Celine,1620692000,,,,0,,0.00% 
Victor,Brownies,91900000,Aunt Smith,Location74,5.49,91900000,504531000,X,100%,,,,,,Victor_Location74_Brownies,Victor_Location74_Brownies_Aunt Smith,504531000,,,,1,,100.00% 
Whiskey,Brownies,113200000,Aunt Smith,Location75,8.26,113200000,935032000,X,100%,,,,,,Whiskey_Location75_Brownies,Whiskey_Location75_Brownies_Aunt Smith,935032000,,,,1,,100.00% 
X-ray,Brownies,54300000,Aunt Smith,Location76,9.53,54300000,517479000,X,100%,,,,,,X-ray_Location76_Brownies,X-ray_Location76_Brownies_Aunt Smith,517479000,,,,1,,100.00% 
X-ray,Brownies,54300000,Aunt Celine,Location76,8.15,0,0,,0%,,,,,,X-ray_Location76_Brownies,X-ray_Location76_Brownies_Aunt Celine,517479000,,,,0,,0.00% 
Yankee,Brownies,45800000,Aunt Smith,Location77,7.96,45800000,364568000,X,100%,,,,,,Yankee_Location77_Brownies,Yankee_Location77_Brownies_Aunt Smith,364568000,,,,1,,100.00% 
Zulu,Brownies,79200000,Aunt Smith,Location78,7.4,79200000,586080000,X,100%,,,,,,Zulu_Location78_Brownies,Zulu_Location78_Brownies_Aunt Smith,586080000,,,,1,,100.00% 
Zulu,Brownies,79200000,Aunt Celine,Location78,6.63,0,0,,0%,,,,,,Zulu_Location78_Brownies,Zulu_Location78_Brownies_Aunt Celine,586080000,,,,0,,0.00% 
Alpha,Brownies,38800000,Aunt Smith,Location79,8.85,38800000,343380000,X,100%,,,,,,Alpha_Location79_Brownies,Alpha_Location79_Brownies_Aunt Smith,343380000,,,,1,,100.00% 
Beta,Brownies,118000000,Aunt Smith,Location80,8.17,118000000,964060000,X,100%,,,,,,Beta_Location80_Brownies,Beta_Location80_Brownies_Aunt Smith,964060000,,,,1,,100.00% 
Charlie,Brownies,45100000,Aunt Smith,Location81,9.12,45100000,411312000,X,100%,,,,,,Charlie_Location81_Brownies,Charlie_Location81_Brownies_Aunt Smith,411312000,,,,1,,100.00% 
Charlie,Brownies,45100000,Aunt Celine,Location81,5.45,0,0,,0%,,,,,,Charlie_Location81_Brownies,Charlie_Location81_Brownies_Aunt Celine,411312000,,,,0,,0.00% 
Delta,Brownies,41900000,Aunt Celine,Location82,8.28,41900000,346932000,X,100%,,,,,,Delta_Location82_Brownies,Delta_Location82_Brownies_Aunt Celine,346932000,,,,1,,100.00% 
Delta,Brownies,41900000,Aunt Smith,Location82,6.52,0,0,,0%,,,,,,Delta_Location82_Brownies,Delta_Location82_Brownies_Aunt Smith,346932000,,,,0,,0.00% 
Echo,Brownies,37700000,Aunt Smith,Location83,9.26,37700000,349102000,X,100%,,,,,,Echo_Location83_Brownies,Echo_Location83_Brownies_Aunt Smith,349102000,,,,1,,100.00% 
Foxtrot,Brownies,42700000,Aunt Celine,Location84,8.25,42700000,352275000,X,100%,,,,,,Foxtrot_Location84_Brownies,Foxtrot_Location84_Brownies_Aunt Celine,352275000,,,,1,,100.00% 
Foxtrot,Brownies,42700000,Aunt Smith,Location84,5.49,0,0,,0%,,,,,,Foxtrot_Location84_Brownies,Foxtrot_Location84_Brownies_Aunt Smith,352275000,,,,0,,0.00% 
Golf,Brownies,43400000,Aunt Celine,Location85,6.98,43400000,302932000,X,100%,,,,,,Golf_Location85_Brownies,Golf_Location85_Brownies_Aunt Celine,302932000,,,,1,,100.00% 
Hotel,Brownies,41000000,Aunt Celine,Location86,8.35,41000000,342350000,X,100%,,,,,,Hotel_Location86_Brownies,Hotel_Location86_Brownies_Aunt Celine,342350000,,,,1,,100.00% 
Hotel,Brownies,41000000,Aunt Smith,Location86,5.95,0,0,,0%,,,,,,Hotel_Location86_Brownies,Hotel_Location86_Brownies_Aunt Smith,342350000,,,,0,,0.00% 
India,Brownies,85700000,Aunt Celine,Location87,5.03,85700000,431071000,X,100%,,,,,,India_Location87_Brownies,India_Location87_Brownies_Aunt Celine,431071000,,,,1,,100.00% 
India,Brownies,85700000,Aunt Smith,Location87,9.18,0,0,,0%,,,,,,India_Location87_Brownies,India_Location87_Brownies_Aunt Smith,431071000,,,,0,,0.00% 
Juliet,Brownies,35500000,Aunt Celine,Location88,9.85,35500000,349675000,X,100%,,,,,,Juliet_Location88_Brownies,Juliet_Location88_Brownies_Aunt Celine,349675000,,,,1,,100.00% 
Juliet,Brownies,35500000,Aunt Smith,Location88,9.13,0,0,,0%,,,,,,Juliet_Location88_Brownies,Juliet_Location88_Brownies_Aunt Smith,349675000,,,,0,,0.00% 
Kilo,Brownies,68700000,Aunt Smith,Location89,5.19,68700000,356553000,X,100%,,,,,,Kilo_Location89_Brownies,Kilo_Location89_Brownies_Aunt Smith,356553000,,,,1,,100.00% 
Lima,Brownies,31700000,Aunt Bethany,Location90,9.88,31700000,313196000,X,100%,,,,,,Lima_Location90_Brownies,Lima_Location90_Brownies_Aunt Bethany,313196000,,,,1,,100.00% 
Lima,Brownies,31700000,Aunt Smith,Location90,8.72,0,0,,0%,,,,,,Lima_Location90_Brownies,Lima_Location90_Brownies_Aunt Smith,313196000,,,,0,,0.00% 
Mike,Brownies,72500000,Aunt Bethany,Location91,5.05,72500000,366125000,X,100%,,,,,,Mike_Location91_Brownies,Mike_Location91_Brownies_Aunt Bethany,366125000,,,,1,,100.00% 
Mike,Brownies,72500000,Aunt Smith,Location91,9.26,0,0,,0%,,,,,,Mike_Location91_Brownies,Mike_Location91_Brownies_Aunt Smith,366125000,,,,0,,0.00% 
November,Brownies,99900000,Aunt Bethany,Location92,7.38,99900000,737262000,X,100%,,,,,,November_Location92_Brownies,November_Location92_Brownies_Aunt Bethany,737262000,,,,1,,100.00% 
November,Brownies,99900000,Aunt Smith,Location92,8.99,0,0,,0%,,,,,,November_Location92_Brownies,November_Location92_Brownies_Aunt Smith,737262000,,,,0,,0.00% 
Oscar,Brownies,39000000,Aunt Bethany,Location93,6.17,39000000,240630000,X,100%,,,,,,Oscar_Location93_Brownies,Oscar_Location93_Brownies_Aunt Bethany,240630000,,,,1,,100.00% 
Oscar,Brownies,39000000,Aunt Smith,Location93,6.51,0,0,,0%,,,,,,Oscar_Location93_Brownies,Oscar_Location93_Brownies_Aunt Smith,240630000,,,,0,,0.00% 
Oscar,Brownies,39000000,Aunt Celine,Location93,6.27,0,0,,0%,,,,,,Oscar_Location93_Brownies,Oscar_Location93_Brownies_Aunt Celine,240630000,,,,0,,0.00% 
Papa,Brownies,42100000,Aunt Celine,Location94,5.05,42100000,212605000,X,100%,,,,,,Papa_Location94_Brownies,Papa_Location94_Brownies_Aunt Celine,212605000,,,,1,,100.00% 
Quebec,Brownies,45400000,Aunt Celine,Location95,6.13,45400000,278302000,X,100%,,,,,,Quebec_Location95_Brownies,Quebec_Location95_Brownies_Aunt Celine,278302000,,,,1,,100.00% 
Romeo,Brownies,60200000,Aunt Celine,Location96,7.32,60200000,440664000,X,100%,,,,,,Romeo_Location96_Brownies,Romeo_Location96_Brownies_Aunt Celine,440664000,,,,1,,100.00% 
Romeo,Brownies,60200000,Aunt Smith,Location96,7.26,0,0,,0%,,,,,,Romeo_Location96_Brownies,Romeo_Location96_Brownies_Aunt Smith,440664000,,,,0,,0.00% 
Sierra,Brownies,13300000,Aunt Smith,Location97,7.2,13300000,95760000,X,100%,,,,,,Sierra_Location97_Brownies,Sierra_Location97_Brownies_Aunt Smith,95760000,,,,1,,100.00% 